ID,DEPARTAMENTO,CABECERA,PROVINCIA,DATO
1,"SANSALVADOR","SANSALVADOR","ENTRERIOS",0
2,"VILLAGUAY","VILLAGUAY","ENTRERIOS",0
3,"COLON","COLON","ENTRERIOS",0
4,"FEDERAL","FEDERAL","ENTRERIOS",0
5,"CAPITAL","CORRIENTES","CORRIENTES",245
6,"ALMIRANTEBROWN","ADROGUE","BUENOSAIRES",1295
7,"NOGOYA","NOGOYA","ENTRERIOS",0
8,"ITATI","ITATI","CORRIENTES",0
9,"ATREUCO","MACACHIN","LAPAMPA",0
10,"TALA","RISARIODELTALA","ENTRERIOS",0
11,"CAINGUAS","CAMPOGRANDE","MISIONES",0
12,"LEANDRON.ALEM","LEANDRON.ALEM","MISIONES",9
13,"PRESIDENTEROQUESAENZPENA","LABOULAYE","CORDOBA",0
14,"GUALEGUAYCHU","GUALEGUAYCHU","ENTRERIOS",0
15,"BERONDEASTRADA","BERONDEASTRADA","CORRIENTES",0
16,"QUITILIPI","QUITILIPI","CHACO",12
17,"ISLASDELIBICUY","VILLAPARANACITO","ENTRERIOS",0
18,"GUALEGUAY","GUALEGUAY","ENTRERIOS",0
19,"FEDERACION","FEDERACION","ENTRERIOS",0
20,"LAPAZ","LAPAZ","ENTRERIOS",0
21,"FELICIANO","SANJOSEDEFELICIANO","ENTRERIOS",0
22,"GENERALPAZ","NUESTRASEYORADELROSARIODECAACATI","CORRIENTES",4
23,"PRESIDENCIADELAPLAZA","PRESIDENCIADELAPLAZA","CHACO",2
24,"VICTORIA","VICTORIA","ENTRERIOS",0
25,"SANLORENZO","VILLABERTHET","CHACO",3
26,"CAPAYAN","HUILLAPIMA","CATAMARCA",0
27,"DIAMANTE","DIAMANTE","ENTRERIOS",0
28,"MONTECARLO","MONTECARLO","MISIONES",4
29,"LAPLATA","LAPLATA","BUENOSAIRES",1035
30,"CORONELFELIPEVARELA","VILLAUNION","LARIOJA",3
31,"URUGUAY","CONCEPCIONDELURUGUAY","ENTRERIOS",0
32,"PRESIDENTEPERON","GUERNICA","BUENOSAIRES",0
33,"PARANA","PARANA","ENTRERIOS",0
34,"MERCEDES","MERCEDES","CORRIENTES",8
35,"APOSTOLES","APOSTOLES","MISIONES",0
36,"CANDELARIA","SANTAANA","MISIONES",2
37,"CARLOSCASARES","CARLOSCASARES","BUENOSAIRES",51
38,"SALADILLO","SALADILLO","BUENOSAIRES",57
39,"LIBERTADORGENERALSANMARTIN","PUERTORICO","MISIONES",0
40,"CAPITAL","POSADAS","MISIONES",64
41,"CONCEPCION","CONCEPCION","CORRIENTES",0
42,"O'HIGGINS","SANBERNARDO","CHACO",9
43,"ELDORADO","ELDORADO","MISIONES",33
44,"SANROQUE","SANROQUE","CORRIENTES",2
45,"SALADAS","SALADAS","CORRIENTES",2
46,"MBURUCUYA","MBURUCUYA","CORRIENTES",0
47,"SANLUISDELPALMAR","SANLUISDELPALMAR","CORRIENTES",2
48,"SANPEDRO","SANPEDRO","MISIONES",4
49,"SANTOTOME","SANTOTOME","CORRIENTES",0
50,"PEHUAJO","PEHUAJO","BUENOSAIRES",0
51,"TRENQUELAUQUEN","TRENQUELAUQUEN","BUENOSAIRES",42
52,"GENERALBELGRANO","GENERALBELGRANO","BUENOSAIRES",17
53,"LASFLORES","LASFLORES","BUENOSAIRES",38
54,"GENERALALVEAR","GENERALALVEAR","CORRIENTES",0
55,"SANMARTIN","LACRUZ","CORRIENTES",0
56,"PASODELOSLIBRES","PASODELOSLIBRES","CORRIENTES",16
57,"MONTECASEROS","MONTECASEROS","CORRIENTES",4
58,"GENERALGUIDO","GENERALGUIDO","BUENOSAIRES",1
59,"CURUZUCUATIA","CURUZUCUATIA","CORRIENTES",0
60,"SAUCE","SAUCE","CORRIENTES",0
61,"ESQUINA","ESQUINA","CORRIENTES",1
62,"ITUZAINGO","ITUZAINGO","CORRIENTES",0
63,"OLAVARRIA","OLAVARRIA","BUENOSAIRES",0
64,"SANMIGUEL","SANMIGUEL","CORRIENTES",0
65,"GOYA","GOYA","CORRIENTES",10
66,"LAVALLE","LAVALLE","CORRIENTES",3
67,"BELLAVISTA","BELLAVISTA","CORRIENTES",7
68,"EMPEDRADO","EMPEDRADO","CORRIENTES",4
69,"ROJAS","ROJAS","BUENOSAIRES",29
70,"SANANTONIODEARECO","SANANTONIODEARECO","BUENOSAIRES",15
71,"MAIPU","MAIPU","BUENOSAIRES",0
72,"9DEJULIO","LASBRENAS","CHACO",12
73,"ARRECIFES","ARRECIFES","BUENOSAIRES",44
74,"2DEABRIL","HERMOSOCAMPO","CHACO",6
75,"CAPITANSARMIENTO","CAPITANSARMIENTO","BUENOSAIRES",0
76,"CARMENDEARECO","CARMENDEARECO","BUENOSAIRES",18
77,"PINAMAR","PINAMAR","BUENOSAIRES",45
78,"SALTO","SALTO","BUENOSAIRES",55
79,"EXALTACIONDELACRUZ","CAPILLADELSENOR","BUENOSAIRES",0
80,"TAPENAGA","CHARADAI","CHACO",0
81,"ESCOBAR","BELENDEESCOBAR","BUENOSAIRES",488
82,"SANMIGUEL","SANMIGUEL","BUENOSAIRES",528
83,"SANANDRESDEGILES","SANANDRESDEGILES","BUENOSAIRES",0
84,"JUNIN","JUNIN","BUENOSAIRES",0
85,"MERCEDES","MERCEDES","BUENOSAIRES",66
86,"GENERALVILLEGAS","GENERALVILLEGAS","BUENOSAIRES",24
87,"PILAR","PILAR","BUENOSAIRES",427
88,"LUJAN","LUJAN","BUENOSAIRES",0
89,"HURLINGHAM","HURLUNGHAM","BUENOSAIRES",396
90,"MORON","MORON","BUENOSAIRES",0
91,"CHACABUCO","CHACABUCO","BUENOSAIRES",58
92,"MALVINASARGENTINAS","LOSPOLVORINES","BUENOSAIRES",690
93,"JOSECPAZ","JOSEC.PAZ","BUENOSAIRES",0
94,"GENERALSANMARTIN","GENERALSANMARTIN","BUENOSAIRES",0
95,"MORENO","MARIANOMORENO","BUENOSAIRES",772
96,"LINCOLN","LINCOLN","BUENOSAIRES",73
97,"ITUZAINGO","ITUZAINGO","BUENOSAIRES",0
98,"FLORENTINOAMEGHINO","FLORENTINOAMEGHINO","BUENOSAIRES",5
99,"LAMATANZA","SANJUSTO","BUENOSAIRES",2967
100,"RIVADAVIA","RIVADAVIA","SANJUAN",28
101,"GENERALRODRIGUEZ","GENERALRODRIGUEZ","BUENOSAIRES",0
102,"SUIPACHA","SUIPACHA","BUENOSAIRES",16
103,"TRESDEFEBRERO","CASEROS","BUENOSAIRES",836
104,"MERLO","MERLO","BUENOSAIRES",975
105,"CHIVILCOY","CHIVILCOY","BUENOSAIRES",94
106,"BRAGADO","BRAGADO","BUENOSAIRES",89
107,"LANUS","LANUS","BUENOSAIRES",0
108,"GENERALLASHERAS","LASHERAS","BUENOSAIRES",31
109,"MARCOSPAZ","MARCOSPAZ","BUENOSAIRES",100
110,"LOMASDEZAMORA","LOMASDEZAMORA","BUENOSAIRES",759
111,"GENERALVIAMONTE","GENERALVIAMONTE","BUENOSAIRES",42
112,"ESTEBANECHEVERRIA","MONTEGRANDE","BUENOSAIRES",0
113,"EZEIZA","JOSEMARIAEZEIZA","BUENOSAIRES",286
114,"ALBERTI","ALBERTI","BUENOSAIRES",11
115,"FLORENCIOVARELA","FLORENCIOVARELA","BUENOSAIRES",638
116,"NAVARRO","NAVARRO","BUENOSAIRES",24
117,"SANTALUCIA","SANTALUCIA","SANJUAN",0
118,"CANUELAS","CANUELAS","BUENOSAIRES",0
119,"SANVICENTE","SANVICENTE","BUENOSAIRES",101
120,"LOBOS","LOBOS","BUENOSAIRES",57
121,"BRANDSEN","BRANDSEN","BUENOSAIRES",19
122,"CARLOSTEJEDOR","CARLOSTEJEDOR","BUENOSAIRES",3
123,"25DEMAYO","25DEMAYO","BUENOSAIRES",51
124,"9DEJULIO","9DEJULIO","BUENOSAIRES",114
125,"GENERALPAZ","RANCHOS","BUENOSAIRES",9
126,"MONTE","SANMIGUELDELMONTE","BUENOSAIRES",27
127,"ROQUEPEREZ","ROQUEPEREZ","BUENOSAIRES",0
128,"GENERALALVEAR","GENERALALVEAR","BUENOSAIRES",17
129,"QUILMES","QUILMES","BUENOSAIRES",1550
130,"PILA","PILA","BUENOSAIRES",6
131,"GENERALLAMADRID","GENERALLAMADRID","BUENOSAIRES",7
132,"BOLIVAR","SANCARLOSDEBOLIVAR","BUENOSAIRES",0
133,"BALCARCE","BALCARCE","BUENOSAIRES",117
134,"VICENTELOPEZ","OLIVOS","BUENOSAIRES",0
135,"CAPITAL","SANJUAN","SANJUAN",61
136,"TAPALQUE","TAPLQUEN","BUENOSAIRES",0
137,"HIPOLITOYRIGOYEN","HENDERSON","BUENOSAIRES",0
138,"DOLORES","DOLORES","BUENOSAIRES",38
139,"RAUCH","RAUCH","BUENOSAIRES",8
140,"AZUL","AZUL","BUENOSAIRES",121
141,"DAIREAUX","DAIREAUX","BUENOSAIRES",14
142,"TRESLOMAS","TRESLOMAS","BUENOSAIRES",6
143,"AYACUCHO","AYACUCHO","BUENOSAIRES",21
144,"GUAMINI","GUAMINI","BUENOSAIRES",0
145,"SALLIQUELO","SALLIQUELLO","BUENOSAIRES",0
146,"GENERALJUANMADARIAGA","GENERALJUANMADARIAGA","BUENOSAIRES",42
147,"ENSENADA","ENSENADA","BUENOSAIRES",67
148,"BERAZATEGUI","BERAZATEGUI","BUENOSAIRES",639
149,"TANDIL","TANDIL","BUENOSAIRES",187
150,"GUAYMALLEN","VILLANUEVA","MENDOZA",0
151,"CORONELSUAREZ","CORONELSUAREZ","BUENOSAIRES",0
152,"LAPRIDA","LAPRIDA","BUENOSAIRES",19
153,"AVELLANEDA","AVELLANEDA","BUENOSAIRES",915
154,"SANISIDRO","SANISIDRO","BUENOSAIRES",592
155,"BENITOJUAREZ","BENITOJUAREZ","BUENOSAIRES",0
156,"SAAVEDRA","PIGUE","BUENOSAIRES",15
157,"ADOLFOGONZALESCHAVES","GONZALESCHAVES","BUENOSAIRES",13
158,"CORONELPRINGLES","CORONELPRINGLES","BUENOSAIRES",27
159,"TORNQUIST","TORNQUIST","BUENOSAIRES",19
160,"TIGRE","TIGRE","BUENOSAIRES",614
161,"GENERALPINTO","GENERALPINTO","BUENOSAIRES",26
162,"SANCAYETANO","SANCAYETANO","BUENOSAIRES",24
163,"TRESARROYOS","TRESARROYOS","BUENOSAIRES",71
164,"CORONELDEMARINALEONARDOROSALES","PUNTAALTA","BUENOSAIRES",0
165,"VILLAGESELL","VILLAGESELL","BUENOSAIRES",27
166,"BAHIABLANCA","BAHIABLANCA","BUENOSAIRES",0
167,"MONTEHERMOSO","MONTEHERMOSO","BUENOSAIRES",7
168,"CORONELDORREGO","CORONELDORREGO","BUENOSAIRES",12
169,"NECOCHEA","NECOCHEA","BUENOSAIRES",84
170,"LOBERIA","LOBERIA","BUENOSAIRES",0
171,"GENERALALVARADO","MIRAMAR","BUENOSAIRES",61
172,"CHASCOMUS","CHASCOMUS","BUENOSAIRES",0
173,"BERISSO","BERISSO","BUENOSAIRES",169
174,"GENERALPUEYRREDON","MARDELPLATA","BUENOSAIRES",0
175,"MARCHIQUITA","CORONELVIDAL","BUENOSAIRES",33
176,"LACOSTA","MARDELTUYU","BUENOSAIRES",94
177,"GENERALLAVALLE","GENERALLAVALLE","BUENOSAIRES",1
178,"TORDILLO","GENERALCONESA","BUENOSAIRES",1
179,"CASTELLI","CASTELLI","BUENOSAIRES",12
180,"PUNTAINDIO","VERONICA","BUENOSAIRES",3
181,"MAGDALENA","MAGDALENA","BUENOSAIRES",18
182,"SANFERNANDO","SANFERNANDO","BUENOSAIRES",413
183,"CAMPANA","CAMPANA","BUENOSAIRES",145
184,"BARADERO","BARADERO","BUENOSAIRES",52
185,"ZARATE","ZARATE","BUENOSAIRES",0
186,"SANPEDRO","SANPEDRO","BUENOSAIRES",92
187,"RAMALLO","RAMALLO","BUENOSAIRES",52
188,"SANNICOLAS","SANNICOLASDELOSARROYOS","BUENOSAIRES",0
189,"PERGAMINO","PERGAMINO","BUENOSAIRES",147
190,"FIGUEROA","LACAYADA","SANTIAGODELESTERO",1
191,"COLON","COLON","BUENOSAIRES",0
192,"AVELLANEDA","HERRERA","SANTIAGODELESTERO",1
193,"PELLEGRINI","NUEVAESPERANZA","SANTIAGODELESTERO",3
194,"SALAVINA","LOSTELARES","SANTIAGODELESTERO",0
195,"GENERALTABOADA","AYATUYA","SANTIAGODELESTERO",11
196,"ALBERDI","CAMPOGALLO","SANTIAGODELESTERO",4
197,"MORENO","QUIMILI","SANTIAGODELESTERO",4
198,"ZONDA","VILLABASILIONIEVAS","SANJUAN",0
199,"JUANFIBARRA","SUNCHOCORRAL","SANTIAGODELESTERO",0
200,"CHOYA","FRIAS","SANTIAGODELESTERO",4
201,"AYACUCHO","SANFRANCISCODELMONTEDEORO","SANLUIS",6
202,"RIVADAVIA","SELVA","SANTIAGODELESTERO",0
203,"OJODEAGUA","VILLAOJODEAGUA","SANTIAGODELESTERO",1
204,"GOBERNADORDUPUY","BUENAESPERANZA","SANLUIS",8
205,"ULLUM","VILLAIBAYEZ","SANJUAN",0
206,"ANGACO","ELSALVADOR","SANJUAN",2
207,"ALBARDON","VILLAGENERALSANMARTIN","SANJUAN",0
208,"CHIMBAS","CHIMBAS","SANJUAN",24
209,"9DEJULIO","VILLANUEVEDEJULIO","SANJUAN",2
210,"RAWSON","VILLAKRAUSE","SANJUAN",61
211,"POCITO","VILLAALBERASTAIN","SANJUAN",9
212,"SANMARTIN","VILLASANMARTIN","SANJUAN",0
213,"CAUCETE","CAUCETE","SANJUAN",40
214,"JACHAL","SANJOSEDEJACHAL","SANJUAN",0
215,"TERCEROARRIBA","OLIVA","CORDOBA",0
216,"25DEMAYO","VILLASANTAROSA","SANJUAN",4
217,"JUAREZCELMAN","LACARLOTA","CORDOBA",0
218,"CAPITAL","SALTA","SALTA",577
219,"CACHI","CACHI","SALTA",9
220,"CERRILLOS","CERRILLOS","SALTA",36
221,"CHICOANA","CHICOANA","SALTA",19
222,"LAVINA","LAVINA","SALTA",0
223,"SANTAVICTORIA","SANTAVICTORIA","SALTA",3
224,"GENERALJOSEDESANMARTIN","GENERALJOSEDESANMARTIN","SALTA",0
225,"SANTAROSA","SANTAROSA","MENDOZA",13
226,"RIVADAVIA","RIVADAVIA","SALTA",10
227,"METAN","METAN","SALTA",0
228,"LACANDELARIA","LACANDELARIA","SALTA",0
229,"MAIPU","MAIPU","MENDOZA",0
230,"GUACHIPAS","GUACHIPAS","SALTA",0
231,"CAPITAL","MENDOZA","MENDOZA",141
232,"GODOYCRUZ","GODOYCRUZ","MENDOZA",203
233,"CAFAYATE","CAFAYATE","SALTA",24
234,"JUNIN","JUNIN","MENDOZA",0
235,"RIVADAVIA","RIVADAVIA","MENDOZA",31
236,"GENERALALVEAR","GENERALALVEAR","MENDOZA",50
237,"MOLINOS","MOLINOS","SALTA",3
238,"CASTROBARROS","AMINGA","LARIOJA",4
239,"GENERALGUEMES","GENERALMARTINM.GUEMES","SALTA",0
240,"SANAGASTA","VILLASANAGASTA","LARIOJA",7
241,"SANCARLOS","SANCARLOS","SALTA",4
242,"GENERALOCAMPO","VILLASANTARITADECATUNA","LARIOJA",2
243,"ROSARIODELERMA","ROSARIODELEMA","SALTA",57
244,"SANMARTIN","SANMARTIN","MENDOZA",0
245,"LAPAZ","LAPAZ","MENDOZA",7
246,"SANRAFAEL","SANRAFAEL","MENDOZA",112
247,"CHILECITO","CHILECITO","LARIOJA",64
248,"GENERALANGELV.PENALOZA","TAMA","LARIOJA",0
249,"GENERALBELGRANO","OLTA","LARIOJA",3
250,"CHAMICAL","CHAMICAL","LARIOJA",19
251,"INDEPENDENCIA","PATQUIA","LARIOJA",1
252,"GENERALJUANF.QUIROGA","MALANZAN","LARIOJA",2
253,"ROSARIOVERAPENALOZA","CHEPES","LARIOJA",0
254,"GENERALSANMARTIN","ULAPES","LARIOJA",0
255,"VINCHINA","VILLASANJOSEDEVINCHINA","LARIOJA",0
256,"FAMATINA","FAMATINA","LARIOJA",2
257,"LIBERTAD","PUERTOTIROL","CHACO",12
258,"SANBLASDELOSSAUCES","SANBLAS","LARIOJA",0
259,"ARAUCO","AIMOGASTA","LARIOJA",5
260,"REALICO","REALICO","LAPAMPA",0
261,"TRENEL","TRENEL","LAPAMPA",4
262,"CHALILEO","SANTAISABEL","LAPAMPA",0
263,"LOVENTUE","VICTORICA","LAPAMPA",0
264,"TOAY","TOAY","LAPAMPA",5
265,"CAPITAL","SANTAROSA","LAPAMPA",91
266,"LIMAYMAHUIDA","LIMAYMAHUIDA","LAPAMPA",0
267,"UTRACAN","GENERALACHA","LAPAMPA",0
268,"MAYORLUISJ.FONTANA","VILLAANGELA","CHACO",55
269,"CURACO","PUELCHES","LAPAMPA",0
270,"FRAYJUSTOSANTAMARIADEORO","SANTASYLVINA","CHACO",0
271,"LIHUELCALEL","CUCHILLOCO","LAPAMPA",0
272,"RANCUL","PARERA","LAPAMPA",4
273,"CONHELO","EDUARDOCASTEX","LAPAMPA",17
274,"TILCARA","TILCARA","JUJUY",19
275,"PALPALA","PALPALA","JUJUY",0
276,"COCHINOCA","ABRAPAMPA","JUJUY",19
277,"TUMBAYA","TUMBAYA","JUJUY",2
278,"DOCTORMANUELBELGRANO","SANSALVADORDEJUJUY","JUJUY",0
279,"SANANTONIO","SANANTONIO","JUJUY",4
280,"ELCARMEN","ELCARMEN","JUJUY",169
281,"SANTABARBARA","SANTACLARA","JUJUY",0
282,"LEDESMA","LIBERTADORGENERALSANMARTIN","JUJUY",123
283,"HUMAHUACA","HUMAHUACA","JUJUY",28
284,"YAVI","LAQUIACA","JUJUY",20
285,"SANTACATALINA","SANTACATALINA","JUJUY",0
286,"SANPEDRO","SANPEDRO","JUJUY",116
287,"12DEOCTUBRE","GENERALPINEDO","CHACO",22
288,"VALLEGRANDE","VALLEGRANDE","JUJUY",1
289,"RINCONADA","RINCONADA","JUJUY",1
290,"CHACABUCO","CHARATA","CHACO",45
291,"RAMONLISTA","GENERALMOSCONI","FORMOSA",0
292,"PILCOMAYO","CLORINDA","FORMOSA",17
293,"FORMOSA","FORMOSA","FORMOSA",30
294,"CAPITAL","SANFERNANDODELVALLEDECATAMARCA","CATAMARCA",10
295,"ANCASTI","ANCASTI","CATAMARCA",0
296,"BELEN","BELEN","CATAMARCA",0
297,"SANTAMARIA","SANTAMARIA","CATAMARCA",0
298,"ANDALGALA","ANDALGALA","CATAMARCA",0
299,"AMBATO","LAPUERTA","CATAMARCA",0
300,"PACLIN","LAMERCED","CATAMARCA",0
301,"SANTAROSA","BAYADODEOVANTA","CATAMARCA",0
302,"ELALTO","ELALTO","CATAMARCA",1
303,"SOBREMONTE","SANFRANCISCODELCHAYAR","CORDOBA",0
304,"LAPAZ","SANANTONIO","CATAMARCA",1
305,"POMAN","SAUJIL","CATAMARCA",0
306,"RIOGRANDE","RIOGRANDE","TIERRADELFUEGO",0
307,"MARTIRES","LASPLUMAS","CHUBUT",0
308,"PASODEINDIOS","PASODELOSINDIOS","CHUBUT",4
309,"MAGALLANES","SANJULIAN","SANTACRUZ",16
310,"SARGENTOCABRAL","COLONIAELISA","CHACO",7
311,"COMANDANTEFERNANDEZ","PRESIDENCIAROQUESAENZPENA","CHACO",0
312,"INDEPENDENCIA","CAMPOLARGO","CHACO",13
313,"CORPENAIKE","PUERTOSANTACRUZ","SANTACRUZ",5
314,"DESEADO","PUERTODESEADO","SANTACRUZ",246
315,"CONESA","GENERALCONESA","RIONEGRO",0
316,"LANGUINEO","TECKA","CHUBUT",0
317,"GAIMAN","GAIMAN","CHUBUT",14
318,"GENERALBELGRANO","CORZUELA","CHACO",5
319,"GENERALDONOVAN","MAKALLE","CHACO",8
320,"RAWSON","RAWSON","CHUBUT",210
321,"TEHUELCHES","JOSEDESANMARTIN","CHUBUT",6
322,"ESCALANTE","COMODORORIVADAVIA","CHUBUT",405
323,"FLORENTINOAMEGHINO","CAMARONES","CHUBUT",2
324,"25DEMAYO","MACHAGAI","CHACO",11
325,"GENERALLAMADRID","VILLACASTELLI","LARIOJA",1
326,"CALINGASTA","TAMBERIAS","SANJUAN",2
327,"MAIPU","TRESISLETAS","CHACO",0
328,"1DEMAYO","MARGARITABELEN","CHACO",0
329,"TULUMBA","VILLATULUMBA","CORDOBA",0
330,"ISCHILIN","DEANFUNES","CORDOBA",0
331,"TOTORAL","VILLADELTOTORAL","CORDOBA",0
332,"CRUZDELEJE","CRUZDELEJE","CORDOBA",0
333,"COLON","JESUSMARIA","CORDOBA",0
334,"PUNILLA","COSQUIN","CORDOBA",0
335,"CAPITAL","CORDOBA","CORDOBA",0
336,"GENERALSANMARTIN","VILLAMARIA","CORDOBA",0
337,"SANTAMARIA","ALTAGRACIA","CORDOBA",0
338,"MINAS","SANCARLOSMINAS","CORDOBA",0
339,"POCHO","SALSACATE","CORDOBA",0
340,"SANALBERTO","VILLACURABROCHERO","CORDOBA",0
341,"SANJAVIER","VILLADOLORES","CORDOBA",0
342,"RIOSEGUNDO","VILLADELROSARIO","CORDOBA",0
343,"SANJUSTO","SANFRANCISCO","CORDOBA",0
344,"UNION","BELVILLE","CORDOBA",0
345,"RIOPRIMERO","SANTAROSADERIOPRIMERO","CORDOBA",0
346,"MARCOSJUAREZ","MARCOSJUAREZ","CORDOBA",0
347,"RIOCUARTO","RIOCUARTO","CORDOBA",0
348,"ANTOFAGASTADELASIERRA","ANTOFAGASTADELASIERRA","CATAMARCA",0
349,"TINOGASTA","TINOGASTA","CATAMARCA",0
350,"GENERALROCA","VILLAHUIDOBRO","CORDOBA",0
351,"LEANDRONALEM","VEDIA","BUENOSAIRES",0
352,"TUPUNGATO","TUPUNGATO","MENDOZA",33
353,"TUNUYAN","TUNUYAN","MENDOZA",0
354,"LUJANDECUYO","LUJANDECUYO","MENDOZA",0
355,"FUTALEUFU","ESQUEL","CHUBUT",0
356,"RIOCHICO","GOBERNADORGREGORES","SANTACRUZ",0
357,"LAGOARGENTINO","CALAFATE","SANTACRUZ",34
358,"SANJAVIER","SANJAVIER","MISIONES",5
359,"CONCEPCION","CONCEPCIONDELASIERRA","MISIONES",0
360,"GUARANI","ELSOBERBIO","MISIONES",0
361,"GENERALARENALES","GENERALARENALES","BUENOSAIRES",23
362,"25DEMAYO","ALBAPOSSE","MISIONES",2
363,"OBERA","OBERA","MISIONES",0
364,"GENERALMANUELBELGRANO","BERNARDODEIRIGOYEN","MISIONES",4
365,"SANIGNACIO","SANIGNACIO","MISIONES",6
366,"PIRANE","PIRANE","FORMOSA",0
367,"PATINO","COMANDANTEFONTANA","FORMOSA",0
368,"BERMEJO","LAGUNAYEMA","FORMOSA",0
369,"BERMEJO","LALEONESA","CHACO",13
370,"LIBERTADORGENERALSANMARTIN","GENERALJOSESANMARTIN","CHACO",0
371,"GENERALGUEMES","JUANJOSECASTELLI","CHACO",0
372,"PILAGAS","ELESPINILLO","FORMOSA",0
373,"VALCHETA","VALCHETA","RIONEGRO",0
374,"SANANTONIO","SANANTONIOOESTE","RIONEGRO",0
375,"LAISHI","SANFRANCISCODELAISHI","FORMOSA",0
376,"9DEJULIO","SIERRACOLORADA","RIONEGRO",0
377,"NORQUINCO","NORQUINCO","RIONEGRO",0
378,"25DEMAYO","MAQUINCHAO","RIONEGRO",0
379,"BIEDMA","PUERTOMADRYN","CHUBUT",156
380,"TELSEN","TELSEN","CHUBUT",2
381,"GASTRE","GASTRE","CHUBUT",0
382,"ELCUY","ELCUY","RIONEGRO",0
383,"PILCANIYEU","PILCANIYEU","RIONEGRO",0
384,"CALAMUCHITA","SANAGUSTIN","CORDOBA",0
385,"ADOLFOALSINA","CARHUE","BUENOSAIRES",17
386,"RIVADAVIA","AMERICA","BUENOSAIRES",4
387,"PELLEGRINI","PELLEGRINI","BUENOSAIRES",14
388,"PUAN","PUAN","BUENOSAIRES",0
389,"VILLARINO","MEDANOS","BUENOSAIRES",32
390,"MARACO","GENERALPICO","LAPAMPA",0
391,"QUEMUQUEMU","QUEMUQUEMU","LAPAMPA",0
392,"CATRILO","CATRILO","LAPAMPA",0
393,"CALEUCALEU","LAADELA","LAPAMPA",6
394,"GUATRACHE","GUATRACHE","LAPAMPA",0
395,"HUCAL","BERNASCONI","LAPAMPA",10
396,"PATAGONES","CARMENDEPATAGONES","BUENOSAIRES",53
397,"CHAPALEUFU","INTENDENTEALVEAR","LAPAMPA",0
398,"IGUAZU","PUERTOESPERANZA","MISIONES",0
399,"IRIONDO","CAYADADEGOMEZ","SANTAFE",29
400,"SANJUSTO","SANJUSTO","SANTAFE",27
401,"LASCOLONIAS","ESPERANZA","SANTAFE",75
402,"SARMIENTO","VILLAMEDIAAGUA","SANJUAN",5
403,"LASHERAS","LASHERAS","MENDOZA",176
404,"LAVALLE","VILLATULUMAYA","MENDOZA",25
405,"MALARGUE","MALARGUE","MENDOZA",0
406,"SANJERONIMO","CORONDA","SANTAFE",0
407,"GENERALLOPEZ","MELINCUE","SANTAFE",0
408,"ROSARIO","ROSARIO","SANTAFE",2494
409,"SANLORENZO","CORONDA","SANTAFE",118
410,"PICHIMAHUIDA","RIOCOLORADO","RIONEGRO",0
411,"ADOLFOALSINA","VIEDMA","RIONEGRO",0
412,"USHUAIA","USHUAIA","TIERRADELFUEGO",135
413,"RIOSENGUER","ALTORIOSENGUER","CHUBUT",0
414,"BARILOCHE","SANCARLOSDEBARILOCHE","RIONEGRO",0
415,"GARAY","HELVENCIA","SANTAFE",6
416,"SANJAVIER","SANJAVIER","SANTAFE",18
417,"VERA","VERA","SANTAFE",37
418,"CASTELLANOS","RAFAELA","SANTAFE",225
419,"BELGRANO","LASROSAS","SANTAFE",45
420,"CASEROS","CASILDA","SANTAFE",143
421,"9DEJULIO","TOSTADO","SANTAFE",39
422,"SANMARTIN","SASTRE","SANTAFE",0
423,"GENERALOBLIGADO","RECONQUISTA","SANTAFE",137
424,"LACAPITAL","SANTAFE","SANTAFE",489
425,"CONSTITUCION","VILLACONSTITUCION","SANTAFE",0
426,"LOSANDES","LOSANDES","SALTA",8
427,"SUSQUES","SUSQUES","JUJUY",2
428,"SANFERNANDO","RESISTENCIA","CHACO",564
429,"SANCOSME","SANCOSME","CORRIENTES",8
430,"LAPOMA","LAPOMA","SALTA",2
431,"CHACABUCO","CONCARAN","SANLUIS",34
432,"JUANMARTINDEPUEYRREDON","SANLUIS","SANLUIS",0
433,"GENERALPEDERNERA","VILLAMERCEDES","SANLUIS",167
434,"LIBERTADORGENERALSANMARTIN","","SANLUIS",0
435,"CORONELPRINGLES","LATOMA","SANLUIS",16
436,"JUNIN","SANTAROSADECONLARA","SANLUIS",0
437,"LACALDERA","LACALDERA","SALTA",5
438,"CAPITAL","LARIOJA","LARIOJA",329
439,"HUILICHES","JUNINDELOSANDES","NEUQUEN",0
440,"CATANLIL","LASCOLORADAS","NEUQUEN",0
441,"IRUYA","IRUYA","SALTA",2
442,"ORAN","SANRAMONDELANUEVAORAN","SALTA",0
443,"MATACOS","INGENIEROJUAREZ","FORMOSA",1
444,"SILIPICA","ARRAGA","SANTIAGODELESTERO",0
445,"ANTA","JOAQUINVICTORGONZALEZ","SALTA",23
446,"ALMIRANTEBROWN","PAMPADELINFIERNO","CHACO",8
447,"COPO","MONTEQUEMADO","SANTIAGODELESTERO",6
448,"RIOHONDO","TERMASDERIOHONDO","SANTIAGODELESTERO",0
449,"ROSARIODELAFRONTERA","ROSARIODELAFRONTERA","SALTA",13
450,"RIOSECO","VILLADEMARIA","CORDOBA",0
451,"VALLEFERTIL","VILLASANAGUSTIN","SANJUAN",0
452,"IGLESIA","RODEO","SANJUAN",0
453,"AVELLANEDA","CHOELECHOEL","RIONEGRO",0
454,"GENERALROCA","GENERALROCA","RIONEGRO",0
455,"BELGRANO","VILLAGENERALROCA","SANLUIS",6
456,"LOSLAGOS","VILLALAANGOSTURA","NEUQUEN",0
457,"LACAR","SANMARTINDELOSANDES","NEUQUEN",0
458,"COLLONCURA","PIEDRADELAGUILA","NEUQUEN",0
459,"PICUNLEUFU","PICUNLEUFU","NEUQUEN",0
460,"ALUMINE","ALUMINE","NEUQUEN",0
461,"ZAPALA","ZAPALA","NEUQUEN",0
462,"CONFLUENCIA","NEUQUEN","NEUQUEN",0
463,"PICUNCHES","LASLAJAS","NEUQUEN",0
464,"ANELO","AYELO","NEUQUEN",0
465,"LONCOPUE","LONCOPUE","NEUQUEN",0
466,"NORQUIN","ELHUECU","NEUQUEN",0
467,"PEHUENCHES","RINCONDELOSSAUCES","NEUQUEN",0
468,"MINAS","ANDACOLLO","NEUQUEN",0
469,"CHOSMALAL","CHOSMALAL","NEUQUEN",0
470,"LACOCHA","LACOCHA","TUCUMAN",0
471,"GRANEROS","GRANEROS","TUCUMAN",0
472,"JUANBAUTISTAALBERDI","JUANBAUTISTAALBERDI","TUCUMAN",0
473,"RIOCHICO","AGUILARES","TUCUMAN",0
474,"CHICLIGASTA","CONCEPCION","TUCUMAN",0
475,"SIMOCA","SIMOCA","TUCUMAN",0
476,"LULES","LUNES","TUCUMAN",0
477,"MONTEROS","MONTEROS","TUCUMAN",0
478,"LEALES","BELLAVISTA","TUCUMAN",0
479,"FAMAILLA","FAMAILLA","TUCUMAN",0
480,"YERBABUENA","YERBABUENA","TUCUMAN",0
481,"BURRUYACU","BURRUYACU","TUCUMAN",0
482,"TAFIVIEJO","TAFIVIEJO","TUCUMAN",0
483,"TAFIDELVALLE","TAFIDELVALLE","TUCUMAN",0
484,"ISLASMALVINAS","","TIERRADELFUEGO",0
485,"CAPITAL","SANMIGUELDETUCUMAN","TUCUMAN",0
486,"CRUZALTA","BANDADELRIOSALI","TUCUMAN",0
487,"COMUNA06","","CABA",145
488,"TRANCAS","TRANCAS","TUCUMAN",0
489,"SARMIENTO","SARMIENTO","CHUBUT",23
490,"SANCRISTOBAL","SANCRISTOBAL","SANTAFE",0
491,"CUSHAMEN","CUSHAMEN","CHUBUT",14
492,"LAGOBUENOSAIRES","PERITOMORENO","SANTACRUZ",9
493,"CHICALCO","ALGARROBODELAGUILA","LAPAMPA",0
494,"PUELEN","25DEMAYO","LAPAMPA",0
495,"COMUNA01","","CABA",202
496,"ISLASDELATLANTICOSUR","","TIERRADELFUEGO",0
497,"COMUNA02","","CABA",131
498,"COMUNA03","","CABA",204
499,"COMUNA04","","CABA",240
500,"COMUNA05","","CABA",164
501,"COMUNA07","","CABA",264
502,"COMUNA08","","CABA",157
503,"COMUNA09","","CABA",172
504,"BANDA","LABANDA","SANTIAGODELESTERO",62
505,"COMUNA10","","CABA",182
506,"COMUNA11","","CABA",156
507,"COMUNA12","","CABA",155
508,"ROBLES","FERNANDEZ","SANTIAGODELESTERO",15
509,"CAPITAL","SANTIAGODELESTERO","SANTIAGODELESTERO",161
510,"COMUNA13","","CABA",185
511,"COMUNA14","","CABA",166
512,"COMUNA15","","CABA",147
513,"VALLEVIEJO","SANISIDRO","CATAMARCA",3
514,"FRAYMAMERTOESQUIU","SANJOSE","CATAMARCA",0
515,"GUERAIKE","RIOGALLEGOS","SANTACRUZ",0
516,"SANMARTIN","BREAPOZO","SANTIAGODELESTERO",0
517,"MITRE","VILLAUNION","SANTIAGODELESTERO",0
518,"SARMIENTO","GARZA","SANTIAGODELESTERO",0
519,"ATAMISQUI","VILLAATAMISQUI","SANTIAGODELESTERO",2
520,"LORETO","LORETO","SANTIAGODELESTERO",1
521,"GUASAYAN","SANPEDRODEGUASAYAN","SANTIAGODELESTERO",0
522,"JIMENEZ","POZOHONDO","SANTIAGODELESTERO",0
523,"QUEBRACHOS","SUMAMPA","SANTIAGODELESTERO",1
524,"BELGRANO","BANDERA","SANTIAGODELESTERO",1
525,"AGUIRRE","PINTO","SANTIAGODELESTERO",2
526,"SANCARLOS","VILLASANCARLOS","MENDOZA",36
527,,
